ID,Description,gene_ratio,fold_enrichment,p_value,fdr,study,timepoint,contrast,regulation
GO:0019362,pyridine nucleotide metabolic process,17/132,-4.58953168044077,1.90741881997789e-08,1.639426475771e-05,Mumta-LW,2 mo.,BEP+ExBf,Downregulated
GO:0046496,nicotinamide nucleotide metabolic process,17/132,-4.58953168044077,1.90741881997789e-08,1.639426475771e-05,Mumta-LW,2 mo.,BEP+ExBf,Downregulated
GO:0072524,pyridine-containing compound metabolic process,17/132,-4.38998682476943,4.19927508843777e-08,2.40618462567484e-05,Mumta-LW,2 mo.,BEP+ExBf,Downregulated
GO:0009117,nucleotide metabolic process,22/132,-3.03875968992248,7.17071629744789e-07,0.00030816153288282,Mumta-LW,2 mo.,BEP+ExBf,Downregulated
GO:0006278,RNA-templated DNA biosynthetic process,9/179,-5.51701371254444,1.21972926614852e-06,0.0009806623299834,MISAME-III,1-2 mo.,BEP,Downregulated
GO:0007004,telomere maintenance via telomerase,9/179,-5.51701371254444,1.21972926614852e-06,0.0009806623299834,MISAME-III,1-2 mo.,BEP,Downregulated
GO:0006163,purine nucleotide metabolic process,20/132,-3.12599681020734,1.51000550691156e-06,0.00051913989327619,Mumta-LW,2 mo.,BEP+ExBf,Downregulated
GO:0000723,telomere maintenance,10/179,-4.81644054269753,2.39065118531702e-06,0.00128138903532992,MISAME-III,1-2 mo.,BEP,Downregulated
GO:0006139,nucleobase-containing compound metabolic process,56/132,-1.69265170791888,3.68030643716694e-06,0.00105032320817337,Mumta-LW,2 mo.,BEP+ExBf,Downregulated
GO:0010833,telomere maintenance via telomere lengthening,9/179,-5.0572625698324,4.25675167715569e-06,0.0016109489355049,MISAME-III,1-2 mo.,BEP,Downregulated
GO:0006091,generation of precursor metabolites and energy,17/132,-3.31048186785892,4.27705785759953e-06,0.00105032320817337,Mumta-LW,2 mo.,BEP+ExBf,Downregulated
GO:0032210,regulation of telomere maintenance via telomerase,8/179,-5.39441340782123,7.01283740580493e-06,0.0016109489355049,MISAME-III,1-2 mo.,BEP,Downregulated
GO:0032212,positive regulation of telomere maintenance via telomerase,8/179,-5.39441340782123,7.01283740580493e-06,0.0016109489355049,MISAME-III,1-2 mo.,BEP,Downregulated
GO:2000573,positive regulation of DNA biosynthetic process,8/179,-5.39441340782123,7.01283740580493e-06,0.0016109489355049,MISAME-III,1-2 mo.,BEP,Downregulated
GO:0009166,nucleotide catabolic process,11/132,-4.50574712643678,9.29105261617286e-06,0.00156144318852456,Mumta-LW,2 mo.,BEP+ExBf,Downregulated
GO:0032204,regulation of telomere maintenance,9/179,-4.66824237215299,1.20716838226344e-05,0.00194112675867961,MISAME-III,1-2 mo.,BEP,Downregulated
GO:0032206,positive regulation of telomere maintenance,9/179,-4.66824237215299,1.20716838226344e-05,0.00194112675867961,MISAME-III,1-2 mo.,BEP,Downregulated
GO:2001252,positive regulation of chromosome organization,9/179,-4.66824237215299,1.20716838226344e-05,0.00194112675867961,MISAME-III,1-2 mo.,BEP,Downregulated
GO:0006096,glycolytic process,9/132,-5.34545454545455,1.22948826306536e-05,0.00156144318852456,Mumta-LW,2 mo.,BEP+ExBf,Downregulated
GO:0009137,purine nucleoside diphosphate catabolic process,9/132,-5.34545454545455,1.22948826306536e-05,0.00156144318852456,Mumta-LW,2 mo.,BEP+ExBf,Downregulated
GO:0009181,purine ribonucleoside diphosphate catabolic process,9/132,-5.34545454545455,1.22948826306536e-05,0.00156144318852456,Mumta-LW,2 mo.,BEP+ExBf,Downregulated
GO:0019364,pyridine nucleotide catabolic process,9/132,-5.34545454545455,1.22948826306536e-05,0.00156144318852456,Mumta-LW,2 mo.,BEP+ExBf,Downregulated
GO:0046032,ADP catabolic process,9/132,-5.34545454545455,1.22948826306536e-05,0.00156144318852456,Mumta-LW,2 mo.,BEP+ExBf,Downregulated
GO:0072521,purine-containing compound metabolic process,22/132,-2.58745874587459,1.32742511173888e-05,0.00156144318852456,Mumta-LW,2 mo.,BEP+ExBf,Downregulated
GO:0006006,glucose metabolic process,11/132,-4.35555555555556,1.36251587131288e-05,0.00156144318852456,Mumta-LW,2 mo.,BEP+ExBf,Downregulated
GO:0032200,telomere organization,10/179,-4.21438547486034,1.45409034762562e-05,0.00212561570816546,MISAME-III,1-2 mo.,BEP,Downregulated
GO:0055086,nucleobase-containing small molecule metabolic process,25/132,-2.37575757575758,1.58276330077019e-05,0.00156213649677431,Mumta-LW,2 mo.,BEP+ExBf,Downregulated
GO:0005996,monosaccharide metabolic process,14/132,-3.46464646464647,1.8287005434276e-05,0.00156213649677431,Mumta-LW,2 mo.,BEP+ExBf,Downregulated
GO:0009135,purine nucleoside diphosphate metabolic process,9/132,-5.09090909090909,1.99924391675596e-05,0.00156213649677431,Mumta-LW,2 mo.,BEP+ExBf,Downregulated
GO:0009179,purine ribonucleoside diphosphate metabolic process,9/132,-5.09090909090909,1.99924391675596e-05,0.00156213649677431,Mumta-LW,2 mo.,BEP+ExBf,Downregulated
GO:0009191,ribonucleoside diphosphate catabolic process,9/132,-5.09090909090909,1.99924391675596e-05,0.00156213649677431,Mumta-LW,2 mo.,BEP+ExBf,Downregulated
GO:0046031,ADP metabolic process,9/132,-5.09090909090909,1.99924391675596e-05,0.00156213649677431,Mumta-LW,2 mo.,BEP+ExBf,Downregulated
GO:0072526,pyridine-containing compound catabolic process,9/132,-5.09090909090909,1.99924391675596e-05,0.00156213649677431,Mumta-LW,2 mo.,BEP+ExBf,Downregulated
GO:1904356,regulation of telomere maintenance via telomere lengthening,8/179,-4.90401218892839,2.2461125778222e-05,0.0025798207322415,MISAME-III,1-2 mo.,BEP,Downregulated
GO:1904358,positive regulation of telomere maintenance via telomere lengthening,8/179,-4.90401218892839,2.2461125778222e-05,0.0025798207322415,MISAME-III,1-2 mo.,BEP,Downregulated
GO:2000278,regulation of DNA biosynthetic process,8/179,-4.90401218892839,2.2461125778222e-05,0.0025798207322415,MISAME-III,1-2 mo.,BEP,Downregulated
GO:0019318,hexose metabolic process,13/132,-3.59126145172657,2.42643570942457e-05,0.00181349694978297,Mumta-LW,2 mo.,BEP+ExBf,Downregulated
GO:0061077,chaperone-mediated protein folding,12/179,-3.51809570075298,2.43061516069112e-05,0.00260561945226088,MISAME-III,1-2 mo.,BEP,Downregulated
GO:0006753,nucleoside phosphate metabolic process,24/132,-2.35612321562735,2.80335980623977e-05,0.00200790646121924,Mumta-LW,2 mo.,BEP+ExBf,Downregulated
GO:0033044,regulation of chromosome organization,9/179,-4.33479648842777,2.94975425698056e-05,0.00279012049719102,MISAME-III,1-2 mo.,BEP,Downregulated
GO:0071897,DNA biosynthetic process,9/179,-4.33479648842777,2.94975425698056e-05,0.00279012049719102,MISAME-III,1-2 mo.,BEP,Downregulated
GO:0009134,nucleoside diphosphate catabolic process,9/132,-4.85950413223141,3.1438301167442e-05,0.00216169758827331,Mumta-LW,2 mo.,BEP+ExBf,Downregulated
GO:1901292,nucleoside phosphate catabolic process,11/132,-3.95959595959596,3.86758150303957e-05,0.00255706638604809,Mumta-LW,2 mo.,BEP+ExBf,Downregulated
GO:0046434,organophosphate catabolic process,13/132,-3.43164983164983,4.17662102380709e-05,0.00265911538515718,Mumta-LW,2 mo.,BEP+ExBf,Downregulated
GO:0006090,pyruvate metabolic process,9/132,-4.64822134387352,4.79936585768084e-05,0.00284486548598392,Mumta-LW,2 mo.,BEP+ExBf,Downregulated
GO:0009185,ribonucleoside diphosphate metabolic process,9/132,-4.64822134387352,4.79936585768084e-05,0.00284486548598392,Mumta-LW,2 mo.,BEP+ExBf,Downregulated
GO:0051054,positive regulation of DNA metabolic process,11/179,-3.53205639797819,5.20094225298702e-05,0.00464617507933507,MISAME-III,1-2 mo.,BEP,Downregulated
GO:0009154,purine ribonucleotide catabolic process,9/132,-4.45454545454545,7.13576076353079e-05,0.00408879091750314,Mumta-LW,2 mo.,BEP+ExBf,Downregulated
GO:0006412,translation,37/179,-1.79490374181102,8.0533693299046e-05,0.00681569362236137,MISAME-III,1-2 mo.,BEP,Downregulated
GO:0046034,ATP metabolic process,10/132,-3.95959595959596,8.91345235416519e-05,0.00468706432029961,Mumta-LW,2 mo.,BEP+ExBf,Downregulated
GO:0009199,ribonucleoside triphosphate metabolic process,11/132,-3.62962962962963,9.62024564298402e-05,0.00468706432029961,Mumta-LW,2 mo.,BEP+ExBf,Downregulated
GO:0009205,purine ribonucleoside triphosphate metabolic process,11/132,-3.62962962962963,9.62024564298402e-05,0.00468706432029961,Mumta-LW,2 mo.,BEP+ExBf,Downregulated
GO:0010951,negative regulation of endopeptidase activity,5/27,9.71819645732689,9.72385065664842e-05,0.0555724568726179,MISAME-III,1-2 mo.,BEP,Upregulated
GO:0006919,activation of cysteine-type endopeptidase activity involved in apoptotic process,6/132,-6.47933884297521,0.00010348149565835,0.00468706432029961,Mumta-LW,2 mo.,BEP+ExBf,Downregulated
GO:0006195,purine nucleotide catabolic process,9/132,-4.27636363636364,0.00010361166036729,0.00468706432029961,Mumta-LW,2 mo.,BEP+ExBf,Downregulated
GO:0009132,nucleoside diphosphate metabolic process,9/132,-4.27636363636364,0.00010361166036729,0.00468706432029961,Mumta-LW,2 mo.,BEP+ExBf,Downregulated
GO:0009261,ribonucleotide catabolic process,9/132,-4.27636363636364,0.00010361166036729,0.00468706432029961,Mumta-LW,2 mo.,BEP+ExBf,Downregulated
GO:0072523,purine-containing compound catabolic process,9/132,-4.27636363636364,0.00010361166036729,0.00468706432029961,Mumta-LW,2 mo.,BEP+ExBf,Downregulated
GO:0009144,purine nucleoside triphosphate metabolic process,11/132,-3.53153153153153,0.00012715940949808,0.00560479551095399,Mumta-LW,2 mo.,BEP+ExBf,Downregulated
GO:0010466,negative regulation of peptidase activity,6/27,6.87749287749288,0.00013789691531667,0.0555724568726179,MISAME-III,1-2 mo.,BEP,Upregulated
GO:0016052,carbohydrate catabolic process,12/132,-3.2396694214876,0.00015623600232952,0.0067142422001114,Mumta-LW,2 mo.,BEP+ExBf,Downregulated
GO:0019693,ribose phosphate metabolic process,14/132,-2.86729362591432,0.00018339651126538,0.00768923421622421,Mumta-LW,2 mo.,BEP+ExBf,Downregulated
GO:0009150,purine ribonucleotide metabolic process,13/132,-2.96969696969697,0.00021635925103845,0.00885527506035966,Mumta-LW,2 mo.,BEP+ExBf,Downregulated
GO:0005975,carbohydrate metabolic process,20/132,-2.28438228438228,0.00022631429583663,0.00904730871030641,Mumta-LW,2 mo.,BEP+ExBf,Downregulated
GO:0006458,'de novo' protein folding,9/179,-3.56983240223464,0.00023825120811567,0.0191553971325002,MISAME-III,1-2 mo.,BEP,Downregulated
GO:0009141,nucleoside triphosphate metabolic process,11/132,-3.26666666666667,0.00027552992001962,0.0107644530116757,Mumta-LW,2 mo.,BEP+ExBf,Downregulated
GO:0035036,sperm-egg recognition,7/179,-4.29101066531234,0.00027562893304421,0.0211053011588142,MISAME-III,1-2 mo.,BEP,Downregulated
GO:0009259,ribonucleotide metabolic process,13/132,-2.85970819304153,0.00032560650635711,0.0124381685428419,Mumta-LW,2 mo.,BEP+ExBf,Downregulated
GO:0022613,ribonucleoprotein complex biogenesis,19/179,-2.20891928337507,0.00033490034462158,0.0244781706432505,MISAME-III,1-2 mo.,BEP,Downregulated
GO:0046364,monosaccharide biosynthetic process,7/132,-4.61952861952862,0.00037078902994135,0.0138562248362865,Mumta-LW,2 mo.,BEP+ExBf,Downregulated
GO:0042594,response to starvation,11/179,-2.96692737430168,0.00037973741684503,0.0265485985342096,MISAME-III,1-2 mo.,BEP,Downregulated
GO:0019219,regulation of nucleobase-containing compound metabolic process,32/132,-1.78460662967705,0.00038583967860272,0.0141118810110229,Mumta-LW,2 mo.,BEP+ExBf,Downregulated
GO:0034654,nucleobase-containing compound biosynthetic process,40/132,-1.63845350052247,0.00039923982292498,0.0142977761585011,Mumta-LW,2 mo.,BEP+ExBf,Downregulated
GO:0051346,negative regulation of hydrolase activity,6/27,5.58796296296296,0.00045186234250605,0.121400349353293,MISAME-III,1-2 mo.,BEP,Upregulated
GO:0006641,triglyceride metabolic process,7/130,4.44372469635627,0.00049671188202428,0.150485801870139,Mumta-LW,2 mo.,BEP+ExBf,Upregulated
GO:0010883,regulation of lipid storage,6/130,5.16923076923077,0.00049949308644393,0.150485801870139,Mumta-LW,2 mo.,BEP+ExBf,Upregulated
GO:0009165,nucleotide biosynthetic process,11/179,-2.85281478298238,0.00057398068104905,0.0369184374050755,MISAME-III,1-2 mo.,BEP,Downregulated
GO:0051052,regulation of DNA metabolic process,11/179,-2.85281478298238,0.00057398068104905,0.0369184374050755,MISAME-III,1-2 mo.,BEP,Downregulated
GO:0009056,catabolic process,51/132,-1.48484848484848,0.00060154647441374,0.0211032324391272,Mumta-LW,2 mo.,BEP+ExBf,Downregulated
GO:0031647,regulation of protein stability,18/179,-2.16739824421389,0.00063126512105072,0.039041319794214,MISAME-III,1-2 mo.,BEP,Downregulated
GO:0034694,response to prostaglandin,5/130,6.03076923076923,0.00065173178695005,0.150485801870139,Mumta-LW,2 mo.,BEP+ExBf,Upregulated
GO:0071867,response to monoamine,5/130,6.03076923076923,0.00065173178695005,0.150485801870139,Mumta-LW,2 mo.,BEP+ExBf,Upregulated
GO:0071869,response to catecholamine,5/130,6.03076923076923,0.00065173178695005,0.150485801870139,Mumta-LW,2 mo.,BEP+ExBf,Upregulated
GO:1903350,response to dopamine,5/130,6.03076923076923,0.00065173178695005,0.150485801870139,Mumta-LW,2 mo.,BEP+ExBf,Upregulated
GO:0045861,negative regulation of proteolysis,6/27,5.15811965811966,0.00070498416960016,0.142054310174434,MISAME-III,1-2 mo.,BEP,Upregulated
GO:0006638,neutral lipid metabolic process,7/130,4.22153846153846,0.00071193756059202,0.150485801870139,Mumta-LW,2 mo.,BEP+ExBf,Upregulated
GO:0006639,acylglycerol metabolic process,7/130,4.22153846153846,0.00071193756059202,0.150485801870139,Mumta-LW,2 mo.,BEP+ExBf,Upregulated
GO:0019637,organophosphate metabolic process,27/132,-1.84326018808777,0.00072616660869286,0.0249656080068606,Mumta-LW,2 mo.,BEP+ExBf,Downregulated
GO:0043280,positive regulation of cysteine-type endopeptidase activity involved in apoptotic process,7/132,-4.15757575757576,0.00078206260792356,0.0263601102553061,Mumta-LW,2 mo.,BEP+ExBf,Downregulated
GO:0099504,synaptic vesicle cycle,10/179,-2.93174641729415,0.00079862474015365,0.0475625400802619,MISAME-III,1-2 mo.,BEP,Downregulated
GO:0051084,'de novo' post-translational protein folding,8/179,-3.37150837988827,0.00089337302379571,0.0513051365094109,MISAME-III,1-2 mo.,BEP,Downregulated
GO:0006886,intracellular protein transport,24/179,-1.86014255442111,0.00100032006880363,0.0554660231253874,MISAME-III,1-2 mo.,BEP,Downregulated
GO:2001056,positive regulation of cysteine-type endopeptidase activity,7/132,-3.95959595959596,0.00109169951281037,0.0359605529771708,Mumta-LW,2 mo.,BEP+ExBf,Downregulated
GO:0141187,nucleic acid biosynthetic process,33/132,-1.66808510638298,0.0011087314181443,0.0359605529771708,Mumta-LW,2 mo.,BEP+ExBf,Downregulated
GO:0010950,positive regulation of endopeptidase activity,8/132,-3.51964085297419,0.00114817629251532,0.0365502786450709,Mumta-LW,2 mo.,BEP+ExBf,Downregulated
GO:0006457,protein folding,17/179,-2.12280157252224,0.00117614206070948,0.0630412144540283,MISAME-III,1-2 mo.,BEP,Downregulated
GO:0051649,establishment of localization in cell,44/179,-1.50605450472166,0.00131446769457256,0.0681827113829893,MISAME-III,1-2 mo.,BEP,Downregulated
GO:0034655,nucleobase-containing compound catabolic process,13/132,-2.49071358748778,0.00135024197836121,0.0422011992873259,Mumta-LW,2 mo.,BEP+ExBf,Downregulated
GO:0016051,carbohydrate biosynthetic process,9/132,-3.14438502673797,0.00137672061201688,0.0422604059295896,Mumta-LW,2 mo.,BEP+ExBf,Downregulated
GO:0090304,nucleic acid metabolic process,38/132,-1.56734006734007,0.00147824054757434,0.0439056975295025,Mumta-LW,2 mo.,BEP+ExBf,Downregulated
GO:0032868,response to insulin,10/132,-2.89726533628973,0.00148140224357833,0.0439056975295025,Mumta-LW,2 mo.,BEP+ExBf,Downregulated
GO:0034504,protein localization to nucleus,12/179,-2.4520060944642,0.00161302493974885,0.0810545032223797,MISAME-III,1-2 mo.,BEP,Downregulated
GO:0046390,ribose phosphate biosynthetic process,9/179,-2.88986432561852,0.00167615588392333,0.081674504889355,MISAME-III,1-2 mo.,BEP,Downregulated
GO:0032774,RNA biosynthetic process,31/132,-1.65874965874966,0.00180054944523373,0.0518558759463279,Mumta-LW,2 mo.,BEP+ExBf,Downregulated
GO:0006739,NADP metabolic process,6/132,-4.19251336898396,0.00180997821802192,0.0518558759463279,Mumta-LW,2 mo.,BEP+ExBf,Downregulated
GO:1901135,carbohydrate derivative metabolic process,24/132,-1.81586566299942,0.00187491552967358,0.0528357343526046,Mumta-LW,2 mo.,BEP+ExBf,Downregulated
GO:0009988,cell-cell recognition,7/179,-3.37150837988827,0.00192457449318612,0.0853984075599379,MISAME-III,1-2 mo.,BEP,Downregulated
GO:0002181,cytoplasmic translation,25/179,-1.75599394785847,0.00195367496993044,0.0853984075599379,MISAME-III,1-2 mo.,BEP,Downregulated
GO:0051276,chromosome organization,13/179,-2.30682152308145,0.00196992415007862,0.0853984075599379,MISAME-III,1-2 mo.,BEP,Downregulated
GO:0006914,autophagy,19/179,-1.94117149145082,0.00201812157169007,0.0853984075599379,MISAME-III,1-2 mo.,BEP,Downregulated
GO:0061919,process utilizing autophagic mechanism,19/179,-1.94117149145082,0.00201812157169007,0.0853984075599379,MISAME-III,1-2 mo.,BEP,Downregulated
GO:0009260,ribonucleotide biosynthetic process,8/179,-2.99689633767846,0.00232341035859443,0.0954169479266456,MISAME-III,1-2 mo.,BEP,Downregulated
GO:0019395,fatty acid oxidation,6/179,-3.67800914169629,0.00237355591857327,0.0954169479266456,MISAME-III,1-2 mo.,BEP,Downregulated
GO:0046907,intracellular transport,36/179,-1.54616944810163,0.00244627814813993,0.0959418356636344,MISAME-III,1-2 mo.,BEP,Downregulated
GO:0051252,regulation of RNA metabolic process,27/132,-1.70599613152805,0.00248108944516546,0.0687902057457973,Mumta-LW,2 mo.,BEP+ExBf,Downregulated
GO:1901136,carbohydrate derivative catabolic process,11/132,-2.56209150326797,0.0025232468481429,0.0688485925707564,Mumta-LW,2 mo.,BEP+ExBf,Downregulated
GO:0033043,regulation of organelle organization,29/179,-1.64325618515563,0.00258732679299249,0.099057654360284,MISAME-III,1-2 mo.,BEP,Downregulated
GO:0031334,positive regulation of protein-containing complex assembly,9/132,-2.88943488943489,0.00262332452825595,0.0704608572511247,Mumta-LW,2 mo.,BEP+ExBf,Downregulated
GO:0044281,small molecule metabolic process,37/132,-1.52609427609428,0.00290318322600839,0.0767780302385911,Mumta-LW,2 mo.,BEP+ExBf,Downregulated
GO:0090407,organophosphate biosynthetic process,21/179,-1.81542758917061,0.00295323365818865,0.110437202845752,MISAME-III,1-2 mo.,BEP,Downregulated
GO:0010952,positive regulation of peptidase activity,8/132,-3.06549364613881,0.00305340881294268,0.0795274204461889,Mumta-LW,2 mo.,BEP+ExBf,Downregulated
GO:0019693,ribose phosphate metabolic process,15/179,-2.06418880401323,0.00315629533462459,0.112972429423665,MISAME-III,1-2 mo.,BEP,Downregulated
GO:0006403,RNA localization,7/179,-3.14674115456238,0.00316154186819957,0.112972429423665,MISAME-III,1-2 mo.,BEP,Downregulated
GO:0006793,phosphorus metabolic process,40/132,-1.48484848484848,0.00317034097358234,0.0801443549057065,Mumta-LW,2 mo.,BEP+ExBf,Downregulated
GO:0006796,phosphate-containing compound metabolic process,40/132,-1.48484848484848,0.00317034097358234,0.0801443549057065,Mumta-LW,2 mo.,BEP+ExBf,Downregulated
GO:0051641,cellular localization,66/179,-1.31668374599187,0.00325269327566568,0.113702843201531,MISAME-III,1-2 mo.,BEP,Downregulated
GO:0043281,regulation of cysteine-type endopeptidase activity involved in apoptotic process,7/132,-3.32606060606061,0.00338730272019202,0.0843880199421752,Mumta-LW,2 mo.,BEP+ExBf,Downregulated
GO:0099003,vesicle-mediated transport in synapse,10/179,-2.49741361473205,0.00341966718187091,0.116996272945711,MISAME-III,1-2 mo.,BEP,Downregulated
GO:0009267,cellular response to starvation,9/179,-2.63857177556473,0.00355835298783392,0.119204825092436,MISAME-III,1-2 mo.,BEP,Downregulated
GO:0012501,programmed cell death,31/132,-1.58725182863114,0.00374999737142619,0.0920892211640231,Mumta-LW,2 mo.,BEP+ExBf,Downregulated
GO:0015031,protein transport,38/179,-1.48973626088086,0.00376332847090394,0.123498615943133,MISAME-III,1-2 mo.,BEP,Downregulated
GO:0008219,cell death,31/132,-1.58043958902328,0.00401968111834512,0.097321575245567,Mumta-LW,2 mo.,BEP+ExBf,Downregulated
GO:0034440,lipid oxidation,6/179,-3.37150837988827,0.00416802022141293,0.131987409439598,MISAME-III,1-2 mo.,BEP,Downregulated
GO:0051604,protein maturation,25/179,-1.66906355440013,0.00418616783670366,0.131987409439598,MISAME-III,1-2 mo.,BEP,Downregulated
GO:0032479,regulation of type I interferon production,5/132,-4.24242424242424,0.00421583370449923,0.0992742210689612,Mumta-LW,2 mo.,BEP+ExBf,Downregulated
GO:0032606,type I interferon production,5/132,-4.24242424242424,0.00421583370449923,0.0992742210689612,Mumta-LW,2 mo.,BEP+ExBf,Downregulated
GO:0080090,regulation of primary metabolic process,54/132,-1.35043062200957,0.00438876194232683,0.101949753768376,Mumta-LW,2 mo.,BEP+ExBf,Downregulated
GO:0009259,ribonucleotide metabolic process,14/179,-2.0522224921059,0.00459958194790549,0.142233226389077,MISAME-III,1-2 mo.,BEP,Downregulated
GO:0016070,RNA metabolic process,33/132,-1.53125,0.00495428011551963,0.11355210024771,Mumta-LW,2 mo.,BEP+ExBf,Downregulated
GO:0010638,positive regulation of organelle organization,17/179,-1.87920139206887,0.00508193253507976,0.152487681720148,MISAME-III,1-2 mo.,BEP,Downregulated
GO:0010608,post-transcriptional regulation of gene expression,15/132,-2.02479338842975,0.00511571142731449,0.115709315046758,Mumta-LW,2 mo.,BEP+ExBf,Downregulated
GO:0006164,purine nucleotide biosynthetic process,8/179,-2.69720670391061,0.00512085498313928,0.152487681720148,MISAME-III,1-2 mo.,BEP,Downregulated
GO:0043085,positive regulation of catalytic activity,16/132,-1.95938769134645,0.00538295473974226,0.11925949888754,Mumta-LW,2 mo.,BEP+ExBf,Downregulated
GO:0031324,negative regulation of cellular metabolic process,28/132,-1.5990675990676,0.00545234681160225,0.11925949888754,Mumta-LW,2 mo.,BEP+ExBf,Downregulated
GO:0032787,monocarboxylic acid metabolic process,22/179,-1.70513067488602,0.00549095200200314,0.159815021798976,MISAME-III,1-2 mo.,BEP,Downregulated
GO:0006355,regulation of DNA-templated transcription,24/132,-1.67700534759358,0.00561428225000555,0.11925949888754,Mumta-LW,2 mo.,BEP+ExBf,Downregulated
GO:2001141,regulation of RNA biosynthetic process,24/132,-1.67700534759358,0.00561428225000555,0.11925949888754,Mumta-LW,2 mo.,BEP+ExBf,Downregulated
GO:0031323,regulation of cellular metabolic process,54/132,-1.33636363636364,0.0056293858662699,0.11925949888754,Mumta-LW,2 mo.,BEP+ExBf,Downregulated
GO:0071705,nitrogen compound transport,42/179,-1.42314926588249,0.00564583148418884,0.159815021798976,MISAME-III,1-2 mo.,BEP,Downregulated
GO:0010468,regulation of gene expression,44/132,-1.40501792114695,0.00568893479277384,0.11925949888754,Mumta-LW,2 mo.,BEP+ExBf,Downregulated
GO:0016236,macroautophagy,14/179,-2.00855818376322,0.00570906909398737,0.159815021798976,MISAME-III,1-2 mo.,BEP,Downregulated
GO:0008104,protein localization,55/179,-1.33886614363794,0.00576447217931629,0.159815021798976,MISAME-III,1-2 mo.,BEP,Downregulated
GO:0006094,gluconeogenesis,5/132,-3.95959595959596,0.00590203152704933,0.119359908176445,Mumta-LW,2 mo.,BEP+ExBf,Downregulated
GO:0019319,hexose biosynthetic process,5/132,-3.95959595959596,0.00590203152704933,0.119359908176445,Mumta-LW,2 mo.,BEP+ExBf,Downregulated
GO:0035051,cardiocyte differentiation,5/132,-3.95959595959596,0.00590203152704933,0.119359908176445,Mumta-LW,2 mo.,BEP+ExBf,Downregulated
GO:0061844,antimicrobial humoral immune response mediated by antimicrobial peptide,6/132,-3.39393939393939,0.00598396261002183,0.119609671239855,Mumta-LW,2 mo.,BEP+ExBf,Downregulated
GO:0031669,cellular response to nutrient levels,10/179,-2.32517819302639,0.00619261657693684,0.16817538933802,MISAME-III,1-2 mo.,BEP,Downregulated
GO:0070727,cellular macromolecule localization,55/179,-1.33405007837306,0.00627520109470224,0.16817538933802,MISAME-III,1-2 mo.,BEP,Downregulated
GO:0008037,cell recognition,9/179,-2.42748603351955,0.00679790367819123,0.173533831202058,MISAME-III,1-2 mo.,BEP,Downregulated
GO:1900180,regulation of protein localization to nucleus,9/179,-2.42748603351955,0.00679790367819123,0.173533831202058,MISAME-III,1-2 mo.,BEP,Downregulated
GO:0030258,lipid modification,6/179,-3.11216158143532,0.00679890010306571,0.173533831202058,MISAME-III,1-2 mo.,BEP,Downregulated
GO:0009152,purine ribonucleotide biosynthetic process,7/179,-2.77653631284916,0.00734065195712646,0.181596436108605,MISAME-III,1-2 mo.,BEP,Downregulated
GO:1900182,positive regulation of protein localization to nucleus,7/179,-2.77653631284916,0.00734065195712646,0.181596436108605,MISAME-III,1-2 mo.,BEP,Downregulated
GO:0006915,apoptotic process,29/132,-1.54477510531322,0.00773931175236017,0.152918125313875,Mumta-LW,2 mo.,BEP+ExBf,Downregulated
GO:0022618,protein-RNA complex assembly,10/179,-2.24767225325885,0.00811433631874142,0.197694739402064,MISAME-III,1-2 mo.,BEP,Downregulated
GO:0006351,DNA-templated transcription,24/132,-1.62909090909091,0.00817734371409638,0.159627035215105,Mumta-LW,2 mo.,BEP+ExBf,Downregulated
GO:2000116,regulation of cysteine-type endopeptidase activity,7/132,-2.86729362591432,0.00826457599426665,0.159627035215105,Mumta-LW,2 mo.,BEP+ExBf,Downregulated
GO:1901700,response to oxygen-containing compound,29/132,-1.53104377104377,0.00880432832470428,0.168162671001852,Mumta-LW,2 mo.,BEP+ExBf,Downregulated
GO:0007507,heart development,10/132,-2.28438228438228,0.00934278076803486,0.175016149887233,Mumta-LW,2 mo.,BEP+ExBf,Downregulated
GO:0043434,response to peptide hormone,11/132,-2.17777777777778,0.00937129578482471,0.175016149887233,Mumta-LW,2 mo.,BEP+ExBf,Downregulated
GO:0031640,killing of cells of another organism,6/132,-3.09881422924901,0.00967221305368651,0.175016149887233,Mumta-LW,2 mo.,BEP+ExBf,Downregulated
GO:0141060,disruption of anatomical structure in another organism,6/132,-3.09881422924901,0.00967221305368651,0.175016149887233,Mumta-LW,2 mo.,BEP+ExBf,Downregulated
GO:0141061,disruption of cell in another organism,6/132,-3.09881422924901,0.00967221305368651,0.175016149887233,Mumta-LW,2 mo.,BEP+ExBf,Downregulated
GO:0044093,positive regulation of molecular function,20/132,-1.6969696969697,0.0101754101364375,0.182203437755584,Mumta-LW,2 mo.,BEP+ExBf,Downregulated
GO:1901222,regulation of non-canonical NF-kappaB signal transduction,5/132,-3.49376114081996,0.0105980980239784,0.187772271123164,Mumta-LW,2 mo.,BEP+ExBf,Downregulated
GO:0052548,regulation of endopeptidase activity,10/132,-2.24128073184677,0.0107048764223793,0.187772271123164,Mumta-LW,2 mo.,BEP+ExBf,Downregulated
GO:0043067,regulation of programmed cell death,25/132,-1.5712682379349,0.011059623084886,0.191963780184604,Mumta-LW,2 mo.,BEP+ExBf,Downregulated
GO:0010605,negative regulation of macromolecule metabolic process,31/132,-1.47888523792138,0.0111671774394766,0.191963780184604,Mumta-LW,2 mo.,BEP+ExBf,Downregulated
GO:0019730,antimicrobial humoral response,7/132,-2.68230694037146,0.0120760164860522,0.205531409302216,Mumta-LW,2 mo.,BEP+ExBf,Downregulated
GO:0042981,regulation of apoptotic process,24/132,-1.57508789552988,0.0124575409075095,0.209946204117733,Mumta-LW,2 mo.,BEP+ExBf,Downregulated
GO:0010558,negative regulation of macromolecule biosynthetic process,22/132,-1.61316872427984,0.0127795849289864,0.211778640881284,Mumta-LW,2 mo.,BEP+ExBf,Downregulated
GO:0010556,regulation of macromolecule biosynthetic process,44/132,-1.34707903780069,0.0128126693726896,0.211778640881284,Mumta-LW,2 mo.,BEP+ExBf,Downregulated
